file_name,text
audio/000001.wav,we can't sell beef it's peanuts and by
audio/000002.wav,the way unbelievable people are coming a
audio/000003.wav,lot of people that are illegal are great
audio/000004.wav,people just let's get it straight they
audio/000005.wav,don't want to give it straight because
audio/000006.wav,the Press are liars they're terrible
audio/000007.wav,people but here's an idea so Mexico is
audio/000008.wav,sending lots of B and by the way they're
audio/000009.wav,coming from all over the world including
audio/000010.wav,the Middle East why not come in come on
audio/000011.wav,in we're stupid we'll take care of you
audio/000012.wav,we'll
audio/000013.wav,pay get sick we'll take care of you your
audio/000014.wav,hospitalization what kind of a plan do
audio/000015.wav,you want Oh Don you're a little
audio/000016.wav,controversial you're talking about
audio/000017.wav,illegal immigration I said it's illegal
audio/000018.wav,that there are
audio/000019.wav,for immigrants on the whole Kore or come
audio/000020.wav,on try getting it out try getting it out
audio/000021.wav,I'll get it out I mean I don't know if
audio/000022.wav,you're going to put this on television
audio/000023.wav,but you don't even know what you're
audio/000024.wav,talking about try getting it out go
audio/000025.wav,ahead the premiums are going through the
audio/000026.wav,roof the deductibles frankly you have to
audio/000027.wav,get hit with a kamasu tractor in order
audio/000028.wav,to use them they're so high we just
audio/000029.wav,spent a million dollars building a
audio/000030.wav,soccer
audio/000031.wav,field okay a soccer field for our
audio/000032.wav,prisoners that happen to be in
audio/000033.wav,Guantanamo okay I don't like that what
audio/000034.wav,do you need a million dollars for level
audio/000035.wav,out the surface let them play the
audio/000036.wav,Iranians are great negotiators the
audio/000037.wav,Persians are great negotiators and we
audio/000038.wav,have people that are babies it's like a
audio/000039.wav,chess player Grandmaster playing against
audio/000040.wav,a Checker's child no that's what it is
audio/000041.wav,we give them think of it a nuclear
audio/000042.wav,scientist and they won't give us our
audio/000043.wav,hostages
audio/000044.wav,back it's so so insane President
audio/000045.wav,Obama secretary Kerrie I highly think
audio/000046.wav,you should read this book quickly
audio/000047.wav,quickly we have very stupid people in
audio/000048.wav,our country negotiating for us and we
audio/000049.wav,have leaders that don't know what
audio/000050.wav,they're doing you know Jeb Bush one of
audio/000051.wav,my opponents I noticed he's not doing
audio/000052.wav,very well in the polls I've actually and
audio/000053.wav,by the way they said I won the debate is
audio/000054.wav,that nice is that
audio/000055.wav,nice right the polls came out and said I
audio/000056.wav,and the media look at all those people
audio/000057.wav,back there scavengers they're like
audio/000058.wav,scavengers they'll probably say the
audio/000059.wav,crowds were about equal oh they were
audio/000060.wav,equal but that's the way they are very
audio/000061.wav,dishonest CNN is terrible CNN you're
audio/000062.wav,with CNN are you a CNN are good you
audio/000063.wav,people do not cover us accurately at all
audio/000064.wav,so they have a few protesters outside
audio/000065.wav,and they have thousands of people and
audio/000066.wav,the first question from CNN is about
audio/000067.wav,protesters so what I'm going to do is
audio/000068.wav,span out span out show them the crowd
audio/000069.wav,press show them the crowd show them the
audio/000070.wav,crowd look they're not turning the
audio/000071.wav,cameras they don't even turn the
audio/000072.wav,cameras they don't even turn the cameras
audio/000073.wav,because you know what they're very
audio/000074.wav,dishonest people because you know what
audio/000075.wav,they do they have the camera live
audio/000076.wav,television on my face the entire amount
audio/000077.wav,my wife goes I go home were there any
audio/000078.wav,people there tonight darling they don't
audio/000079.wav,see they never show the crowds frankly I
audio/000080.wav,don't even think they give a damn about
audio/000081.wav,education half of them and I'm sure some
audio/000082.wav,maybe do to use that word in this form I
audio/000083.wav,will I will because people want to hear
audio/000084.wav,the truth Frank I watch you all the time
audio/000085.wav,they want to hear the truth correct we
audio/000086.wav,have to be able to express ourselves but
audio/000087.wav,referring to people as rapists referring
audio/000088.wav,to to John McCain a war hero 5 and a
audio/000089.wav,half years as a p and you call him a
audio/000090.wav,dummy is that a appropriate in running
audio/000091.wav,for president okay let's you got to let
audio/000092.wav,me speak though Frank because you
audio/000093.wav,interrupt all the time okay
audio/000094.wav,so no I know him too well that's the
audio/000095.wav,problem in the center of the stage
audio/000096.wav,tonight businessman Donald
audio/000097.wav,Trump I would never give up my
audio/000098.wav,microphone I thought that was disgusting
audio/000099.wav,that showed such weakness the way he was
audio/000100.wav,taken away by two young women the
audio/000101.wav,microphone they just took the whole
audio/000102.wav,place over that will never happen with
audio/000103.wav,me I don't know if I'll do the fighting
audio/000104.wav,myself or if other people will but that
audio/000105.wav,was a disgrace the way they to I felt
audio/000106.wav,badly for him but it showed that he's
audio/000107.wav,weak you want to be what vice president
audio/000108.wav,oh now his question is no longer as good
audio/000109.wav,he had great credibility until he said
audio/000110.wav,that now it's like where did he come
audio/000111.wav,from we need need a leader that wrote
audio/000112.wav,The Art of the deal I said trade deals
audio/000113.wav,who would do better I know I'll tell you
audio/000114.wav,what I know the greatest negotiators in
audio/000115.wav,the world some are horrible people
audio/000116.wav,horrible human beings who
audio/000117.wav,cares some Wall Street guys they're
audio/000118.wav,brutal they're miserable you wouldn't
audio/000119.wav,want to go out to dinner they're
audio/000120.wav,terrible
audio/000121.wav,people I love them you know who's our
audio/000122.wav,primary representative right now Carolyn
audio/000123.wav,Kennedy you know how she got the job 60
audio/000124.wav,minutes she went to the White House she
audio/000125.wav,said I'd love to have a
audio/000126.wav,job I have nothing to do they said how
audio/000127.wav,would you like to be the ambassador to
audio/000128.wav,Japan she goes
audio/000129.wav,really you know why I say she's nice cuz
audio/000130.wav,my daughter Ivanka likes her my
audio/000131.wav,daughter's so great she's such a great
audio/000132.wav,person my daughter likes her she said
audio/000133.wav,Daddy she's such a nice person I I agree
audio/000134.wav,I don't want a nice I want to kill her
audio/000135.wav,we're tired of the nice people why do
audio/000136.wav,you need to spend a million
audio/000137.wav,we just spent it's a story today a
audio/000138.wav,million dollars on a soccer field how do
audio/000139.wav,you spend a million dollars doing a
audio/000140.wav,soccer field you have a level piece of
audio/000141.wav,land throw them a ball let them play
audio/000142.wav,soccer if they have to play it all see
audio/000143.wav,you're not supposed to say that somebody
audio/000144.wav,graduated last or second to last in that
audio/000145.wav,class because you're supposed to be like
audio/000146.wav,Frank say it's very nice folks I want to
audio/000147.wav,make America great again we want to get
audio/000148.wav,down to Brass STX we don't want to
audio/000149.wav,listen to his stuffff with being
audio/000150.wav,politically correct and everything has
audio/000151.wav,we have a lot of work to do 10 years ago
audio/000152.wav,everybody wanted the wall the Democrats
audio/000153.wav,the Republicans they couldn't get it you
audio/000154.wav,know one of the reasons they couldn't
audio/000155.wav,get it environmental impact statements
audio/000156.wav,did you know that there were toads there
audio/000157.wav,were the it's the most incredible thing
audio/000158.wav,NBC calls me we'd like to see you a
audio/000159.wav,couple of months ago the head of NBC
audio/000160.wav,comes to see me and the head of NBC's
audio/000161.wav,boss I don't want to mention names
audio/000162.wav,because they're really good people
audio/000163.wav,they're friends of mine although I
audio/000164.wav,probably will never speak to them again
audio/000165.wav,any
audio/000166.wav,either first of all Rand Paul shouldn't
audio/000167.wav,even be on this stage he's number 11
audio/000168.wav,he's got 1% in the polls and how he got
audio/000169.wav,up here this far too many people anyway
audio/000170.wav,Would we not all be worried to have
audio/000171.wav,someone like that in charge of the
audio/000172.wav,nuclear Arsenal take the Mr Trump I
audio/000173.wav,never attacked him on his look and
audio/000174.wav,believe me there's plenty of subject
audio/000175.wav,matter right there that I can tell you
audio/000176.wav,Jake Jak I want to I want to give Mr
audio/000177.wav,Trump going to make it's a massive plant
audio/000178.wav,one of the biggest in the world they're
audio/000179.wav,going to make all these cars trucks and
audio/000180.wav,Parks they're even making Parts it's so
audio/000181.wav,big they'll make the parts the trucks
audio/000182.wav,and I actually gave them a good
audio/000183.wav,idea why don't we just let the illegals
audio/000184.wav,drive the cars and trucks right in
audio/000185.wav,through the Border they don't have to
audio/000186.wav,even it's true No I gave them that save
audio/000187.wav,a lot of money that'll be next no no
audio/000188.wav,they'll be doing that next so the
audio/000189.wav,Mexican Government is not happy with me
audio/000190.wav,to put it mly and again I respect Mexico
audio/000191.wav,but their leaders are too smart for our
audio/000192.wav,leaders cuz we have stupid leaders okay
audio/000193.wav,okay you mean it's not politically
audio/000194.wav,correct and yet everybody uses it I so
audio/000195.wav,you know what give me a different term
audio/000196.wav,give me a different term what else would
audio/000197.wav,you like to
audio/000198.wav,say you want me to say that okay said
audio/000199.wav,I'll use the word anchor baby excuse me
audio/000200.wav,I'll use the word anchor baby he would
audio/000201.wav,give a sermon you never wanted to leave
audio/000202.wav,sometimes we have sermons and every once
audio/000203.wav,in a while we think about leaving a
audio/000204.wav,little early right even though we're
audio/000205.wav,Christian and pledge to not run an
audio/000206.wav,independent campaign against that person
audio/000207.wav,again we're looking for you to raise
audio/000208.wav,your hand now raise your hand now if you
audio/000209.wav,won't make that pledge
audio/000210.wav,tonight Mr
audio/000211.wav,Trump who is Uma married
audio/000212.wav,to one of the great slease bags of our
audio/000213.wav,time Anthony Weiner did you know that
audio/000214.wav,she's married to Anthony Weiner you know
audio/000215.wav,the little bing bing bing Bumm
audio/000216.wav,I love you very much I'm a very
audio/000217.wav,militaristic person but you have to know
audio/000218.wav,when to use the military I'm the only
audio/000219.wav,person up here that fought against going
audio/000220.wav,into Ira now can I can I make a response
audio/000221.wav,to that just excuse me one second you
audio/000222.wav,don't mind you know you are unless you
audio/000223.wav,do have your 1% but have you ever asked
audio/000224.wav,God for
audio/000225.wav,forgiveness I'm not sure I have I just
audio/000226.wav,go and try and do a better job from
audio/000227.wav,there I don't think so I think I if I if
audio/000228.wav,I do something wrong I think I just try
audio/000229.wav,and make it right I don't bring God into
audio/000230.wav,that picture I don't I see I could say
audio/000231.wav,absolutely and everybody I don't think
audio/000232.wav,in terms of that I I think in terms of
audio/000233.wav,let's go on and let's make it right
audio/000234.wav,let's say that Jeb Bush or Hillary or
audio/000235.wav,one of these politicians all talk no
audio/000236.wav,action all controlled by lobbyists and
audio/000237.wav,special interests and
audio/000238.wav,donors people like me from previous
audio/000239.wav,months okay total control Bing Bing b b
audio/000240.wav,bing bing bing you know what that is
audio/000241.wav,right we have heads being chopped off
audio/000242.wav,because they're Christian in the Middle
audio/000243.wav,East we have borders where people are
audio/000244.wav,being killed all of the world is
audio/000245.wav,cracking up and they're worried about my
audio/000246.wav,tone so what would president Trump do so
audio/000247.wav,I don't have money I don't have
audio/000248.wav,lobbyists in fact I've had in the last
audio/000249.wav,two weeks because I've hired many of the
audio/000250.wav,lobbyists that's true I hire lobbyists
audio/000251.wav,they're great they're terrific people
audio/000252.wav,they can do whatever the hell you want
audio/000253.wav,them to do okay it's true I was a
audio/000254.wav,businessman I got along with Clinton I
audio/000255.wav,got along with everybody that was my job
audio/000256.wav,to get along with people I want excuse
audio/000257.wav,me one second I didn't fact is Donal you
audio/000258.wav,cannot take more energy tonight I like
audio/000259.wav,that look I was asked the question I
audio/000260.wav,didn't
audio/000261.wav,want it was my obligation as a
audio/000262.wav,businessman to my family to my company
audio/000263.wav,to my employees to get along with all
audio/000264.wav,politicians I got along with all of them
audio/000265.wav,and I did a damn good job in doing it go
audio/000266.wav,ahead so and the poll just came out
audio/000267.wav,and I'm tied with Jeb Bush and I said oh
audio/000268.wav,that's too bad how can I be tied with
audio/000269.wav,this guy he's terrible he's
audio/000270.wav,terrible Hillary Clinton was the worst
audio/000271.wav,Secretary of State in the history of our
audio/000272.wav,country the worst our enemies are a
audio/000273.wav,disaster our friends and they hate us
audio/000274.wav,more so
audio/000275.wav,Uma is getting classified Secrets she's
audio/000276.wav,married to Anthony
audio/000277.wav,Weiner who's a perv
audio/000278.wav,no he is somewhere there we'll find a
audio/000279.wav,balance
audio/000280.wav,tonight so I would have dinner with my
audio/000281.wav,kids almost always and I'm always
audio/000282.wav,available to my children I could be in
audio/000283.wav,the middle of the biggest most important
audio/000284.wav,deal and for instance if Ivanka called
audio/000285.wav,me right now i' say bye-bye Frank you're
audio/000286.wav,a wonderful guy I think it's unlikely
audio/000287.wav,but if Jeb became
audio/000288.wav,President when they say Mr President
audio/000289.wav,it's very bad that Ford's building in
audio/000290.wav,Mexico oh okay uh we'll do something let
audio/000291.wav,me go to sleep for us we'll do something
audio/000292.wav,we need somebody that can take our jobs
audio/000293.wav,back Frank because we're going to hell
audio/000294.wav,our country is going to hell and Frank
audio/000295.wav,doesn't like the word hell but we're
audio/000296.wav,going to hell I beat the people from
audio/000297.wav,China I win against China you can win
audio/000298.wav,against China if you're
audio/000299.wav,smart but our people don't have a clue
audio/000300.wav,we give State dinners to the heads of
audio/000301.wav,China I say why are you doing State
audio/000302.wav,dinners for them they're ripping us left
audio/000303.wav,and right just take them to McDonald's
audio/000304.wav,and go back to the negotiating table
audio/000305.wav,seriously well I heard y uitt a nice man
audio/000306.wav,he apologized because he actually said
audio/000307.wav,that we had a misunderstanding and he
audio/000308.wav,said today that Donald Trump is maybe
audio/000309.wav,the best interview there is anywhere
audio/000310.wav,that he's ever done now unless he was
audio/000311.wav,just saying that on CNN to be nice but
audio/000312.wav,he did say that you're the best
audio/000313.wav,interview in America and we had a
audio/000314.wav,legitimate misunderstanding in terms of
audio/000315.wav,his pronunciation of a word but uh I
audio/000316.wav,would say just well I think it was and
audio/000317.wav,he actually said that did you say that
audio/000318.wav,radio makes an interesting thing okay so
audio/000319.wav,uh I will say this though so uh you was
audio/000320.wav,giving me name after name Arab name Arab
audio/000321.wav,name and there are few people anywhere
audio/000322.wav,anywhere that would have known those
audio/000323.wav,names I think he was reading them off a
audio/000324.wav,sheet and fox hasn't touched this I've
audio/000325.wav,been in touch with Kelly too and I've
audio/000326.wav,been in let's go come on got to go right
audio/000327.wav,got to go there's screwing up my whole
audio/000328.wav,speeches kind yeah go ahead there's
audio/000329.wav,there's counterfeit substandard Parts in
audio/000330.wav,most of the nuclear plants in the United
audio/000331.wav,States counterfeit substandard Parts in
audio/000332.wav,nuclear plants in the United States I'm
audio/000333.wav,not surprised to hear that why am I
audio/000334.wav,surprised and some of them have come
audio/000335.wav,from China now when I brought an
audio/000336.wav,airplane St by the way when I brought
audio/000337.wav,this out the NRC nuclear Regulatory
audio/000338.wav,Commission accused me of and our weapons
audio/000339.wav,we don't even know if they work to show
audio/000340.wav,you how stupid we are they did a major
audio/000341.wav,television program 60 Minutes I don't
audio/000342.wav,know if anybody saw it where they go
audio/000343.wav,into the silos the stuff is old it's
audio/000344.wav,rotted the phone systems don't work the
audio/000345.wav,wires go going to the phones are all
audio/000346.wav,they don't even know if it works and I
audio/000347.wav,said if I were Obama I wouldn't be
audio/000348.wav,showing that and they got in there
audio/000349.wav,because Obama wanted people to see how
audio/000350.wav,bad it is so that maybe they could get
audio/000351.wav,some money to fix it up how stupid is
audio/000352.wav,this our enemies are looking at this
audio/000353.wav,stuff with 44 year old phones and wires
audio/000354.wav,that don't work and the people they're
audio/000355.wav,interviewing the people that are working
audio/000356.wav,these phone systems and they're saying
audio/000357.wav,no you can't hear
audio/000358.wav,you can't
audio/000359.wav,hear and I'm saying can you believe what
audio/000360.wav,we're doing it's like in the war they
audio/000361.wav,were saying we're going in in two weeks
audio/000362.wav,and we're going to be attacking a
audio/000363.wav,certain city you know what I'm talking
audio/000364.wav,about and we're going to attack and this
audio/000365.wav,is the way we're doing it and we're
audio/000366.wav,going here and I'm saying can you
audio/000367.wav,imagine the great general Douglas
audio/000368.wav,mcauthur
audio/000369.wav,or George Patton any of these great guys
audio/000370.wav,any of these great guys listening to a
audio/000371.wav,president say exactly what we're going
audio/000372.wav,to be doing then I said you know that's
audio/000373.wav,smart because they'll do the opposite
audio/000374.wav,they didn't it was exactly as he
audio/000375.wav,said first of all these lenders aren't
audio/000376.wav,babies these are total Killers these are
audio/000377.wav,not the nice sweet little people that
audio/000378.wav,you think okay you know I mean you're
audio/000379.wav,living in a world of the make believe
audio/000380.wav,Chris you want to know the truth right
audio/000381.wav,now we have Obama he won't call he
audio/000382.wav,doesn't even call to get our hostages
audio/000383.wav,back from Iran here we are in the middle
audio/000384.wav,of a deal and he doesn't call about that
audio/000385.wav,one sentence I'd say you gotta before we
audio/000386.wav,start get those people back used to be
audio/000387.wav,three now it's four get those PE they'd
audio/000388.wav,be back the next hour you hear our
audio/000389.wav,politicians John McCain two days oh been
audio/000390.wav,gazi you don't hear about it anymore
audio/000391.wav,Hillary Clinton with the emails all the
audio/000392.wav,emails two days I'm more disappointed in
audio/000393.wav,the Republicans in many ways they talk
audio/000394.wav,and talk and talk and I just got back
audio/000395.wav,from Chattanooga too and I spoke to some
audio/000396.wav,Marines
audio/000397.wav,there and guess what happens to Anthony
audio/000398.wav,Weiner a month ago I see he went to work
audio/000399.wav,for a public Rel ation firm do you
audio/000400.wav,believe it now if you think that Uma
audio/000401.wav,isn't telling Anthony who she's probably
audio/000402.wav,desperately in love with in all fairness
audio/000403.wav,to Anthony cuz why else would she marry
audio/000404.wav,this guy can you believe it can't see
audio/000405.wav,straight but if you would I got involved
audio/000406.wav,because I'm in the nursing home
audio/000407.wav,profession okay come on you know I got
audio/000408.wav,to go heyo wait a minute no let me
audio/000409.wav,finish this okay you know what I think
audio/000410.wav,your question is great and I can
audio/000411.wav,understand he's talking about basically
audio/000412.wav,counterfeit Parts just to cut to the
audio/000413.wav,chase we don't have to know that you're
audio/000414.wav,in the nursing home business what are
audio/000415.wav,you trying to talk to some of us about
audio/000416.wav,joining your little home come on sit
audio/000417.wav,down no we think it's good we think your
audio/000418.wav,point is good yeah give it to him good
audio/000419.wav,they said to Marco Rubio are you having
audio/000420.wav,fun he's sweating like a pig I never saw
audio/000421.wav,a guy sweat like this the the sweat is
audio/000422.wav,pouring down I think Rubio is a low
audio/000423.wav,energy but here's the problem with Rubio
audio/000424.wav,When you sweat that
audio/000425.wav,much now think of it so you have put and
audio/000426.wav,he's sitting over here
audio/000427.wav,and he's waiting to kill the stupid
audio/000428.wav,Americans because he's been just
audio/000429.wav,destroying us so badly so he figures out
audio/000430.wav,and a guy walks in and he's soaking wet
audio/000431.wav,and sweating hello hello can I have some
audio/000432.wav,water and Putin sitting there what the
audio/000433.wav,hell kind of stuff this is this is not
audio/000434.wav,exactly a poker player folks John McCain
audio/000435.wav,goes oh boy Trump makes my life
audio/000436.wav,"difficult he had 15,000 crazies show up"
audio/000437.wav,crazies he called them all crazy I said
audio/000438.wav,they weren't crazy
audio/000439.wav,they were great Americans these people
audio/000440.wav,if you would have seen these people you
audio/000441.wav,I know what crazy is I know all about
audio/000442.wav,crazy these weren't crazy so he insulted
audio/000443.wav,me and he insulted everybody in that
audio/000444.wav,room and I said somebody should run
audio/000445.wav,against John McCain who has been you
audio/000446.wav,know in my opinion not so hot and I
audio/000447.wav,supported him I supported him for
audio/000448.wav,president I raised a million dollars for
audio/000449.wav,him it's a lot of money I supported him
audio/000450.wav,he lost he let us down but you know he
audio/000451.wav,lost so I never liked him as much after
audio/000452.wav,that cuz I don't like losers but but
audio/000453.wav,Frank Frank let me get to it he hit me
audio/000454.wav,he's not a war hero a war hero he's a
audio/000455.wav,war hero years he's a war hero CU he was
audio/000456.wav,captured I like people that weren't
audio/000457.wav,captured okay I hate to tell you do you
audio/000458.wav,AG that he's a war hero because he was
audio/000459.wav,captured news flash the Republican
audio/000460.wav,party's been fighting against a Single
audio/000461.wav,Payer system for a decade so I think
audio/000462.wav,you're on the wrong side of this if
audio/000463.wav,you're still arguing for a single player
audio/000464.wav,I'm not I'm not I don't think you're
audio/000465.wav,hurting me you're having a hard time
audio/000466.wav,tonight all right let
audio/000467.wav,I know Anthony Wier for a long time I
audio/000468.wav,knew before they caught him with the
audio/000469.wav,bing bing bing right and he was a bad
audio/000470.wav,guy then it turned out that he was a
audio/000471.wav,really bad guy so Rand Paul calls he
audio/000472.wav,wants to play golf I play golf I kill
audio/000473.wav,him at golf I did but when the folks of
audio/000474.wav,Iowa found out the true facts of the job
audio/000475.wav,that you've done in Wisconsin all of a
audio/000476.wav,sudden you tubed he was number one now
audio/000477.wav,he's number six or seven in the poll so
audio/000478.wav,Jeb Bush let's say he's president ohay
audio/000479.wav,yay he knows no good he have a little
audio/000480.wav,pressure don't let the plant be built
audio/000481.wav,and he might even say don't let the
audio/000482.wav,plant be built might even call the head
audio/000483.wav,of Ford the plant is not going to be
audio/000484.wav,built and then the next day he'll be
audio/000485.wav,called by special interests that
audio/000486.wav,supported him his lobbyists who push him
audio/000487.wav,around like a piece of candy Jeb Bush
audio/000488.wav,will never take us to the promised land
audio/000489.wav,he doesn't have it you ever see did you
audio/000490.wav,ever see a sign that says Jeb Bush or
audio/000491.wav,bush now there's a reason he doesn't use
audio/000492.wav,this last name because it's not going to
audio/000493.wav,work too well cuz we had a lot of
audio/000494.wav,problems with that last name and I think
audio/000495.wav,you can see I'm having a good time I
audio/000496.wav,really am you know they said to Jeb Bush
audio/000497.wav,he was like
audio/000498.wav,this they said are you having fun
audio/000499.wav,yes our governor here in Massachusetts
audio/000500.wav,Charlie Baker has described some of your
audio/000501.wav,comments about women as reprehensible do
audio/000502.wav,you have a response to that no he must
audio/000503.wav,have been talking about Jeb Bush because
audio/000504.wav,frankly Jeb Bush said he didn't want to
audio/000505.wav,fund women's health issues and then he
audio/000506.wav,came back a few hours later and he said
audio/000507.wav,he misspoke I think must be talking
audio/000508.wav,about Jeb Bush he's not talking about me
audio/000509.wav,Jeb Bush said that on women's health
audio/000510.wav,issues that he won't fund him then he
audio/000511.wav,went out he apologized he's you
audio/000512.wav,okay Jeb Bush said that on women's
audio/000513.wav,health issues he won't fund
audio/000514.wav,them whose phone is
audio/000515.wav,that you ready third time ready Jeb Bush
audio/000516.wav,said that on women's health issues he
audio/000517.wav,won't fund them
audio/000518.wav,then he said oh I misspoke I'm so sorry
audio/000519.wav,H there was no question because I heard
audio/000520.wav,when he said the statement I was
audio/000521.wav,watching and he said the statement and I
audio/000522.wav,said wow I can't believe it I will take
audio/000523.wav,care of women I respect women I will
audio/000524.wav,take care of women you said you're going
audio/000525.wav,to cut funding for Women's Health proven
audio/000526.wav,record you said it I want Jeb will be
audio/000527.wav,very poor as a president no energy okay
audio/000528.wav,yes why is Jeb Bush a frequent Target of
audio/000529.wav,yours and what do you think about well I
audio/000530.wav,would say Jeb Bush is a frequent because
audio/000531.wav,when this whole thing started I thought
audio/000532.wav,he was going to be the primary
audio/000533.wav,competition but he's drifted very much
audio/000534.wav,to the middle of the pack and he's
audio/000535.wav,rapidly disappearing so we're going to
audio/000536.wav,have to start looking at somebody
audio/000537.wav,else one of the things people love about
audio/000538.wav,you is you speak your mind and you don't
audio/000539.wav,use a politician's filter however that
audio/000540.wav,is not without its downsides you've
audio/000541.wav,called women you don't like fat pigs
audio/000542.wav,dogs slobs and disgusting animals your
audio/000543.wav,Twitter account only
audio/000544.wav,no it
audio/000545.wav,wasn't we have totally incompetent
audio/000546.wav,people now some people say they're bad
audio/000547.wav,people I don't think they're that smart
audio/000548.wav,to be bad people I just think honestly I
audio/000549.wav,mean a lot of people get angry when I
audio/000550.wav,say I don't think they're bad I think
audio/000551.wav,they're stupid I think they're
audio/000552.wav,incompetent I think Hill would be a
audio/000553.wav,terrible president she was the worst
audio/000554.wav,Secretary of State in the history of our
audio/000555.wav,nation why why would she be a good
audio/000556.wav,president I think she'd be a terrible
audio/000557.wav,president these politicians they run and
audio/000558.wav,they run and they win and sometimes they
audio/000559.wav,lose and they keep running that's all
audio/000560.wav,they do is run and then you have this
audio/000561.wav,guy Lindsey graah a total lightweight
audio/000562.wav,here's a guy in the private sector he
audio/000563.wav,couldn't get a job believe me they dunk
audio/000564.wav,people with a cage did you see that they
audio/000565.wav,dunk them and drown them these people
audio/000566.wav,make Saddam Hussein look like a choir
audio/000567.wav,boy and then I watched this idiot
audio/000568.wav,Lindsey grah on television today and he
audio/000569.wav,calls me a jackass he's a
audio/000570.wav,jackass he actually probably seems to me
audio/000571.wav,not as bright honestly as Rick Perry I
audio/000572.wav,think Rick Perry probably is smarter
audio/000573.wav,than lindsy graah but what do I know I'm
audio/000574.wav,at 38 I think in South Carolina he's at
audio/000575.wav,three he's a senator they have zero they
audio/000576.wav,have one they have two why do they keep
audio/000577.wav,going there's something I don't
audio/000578.wav,understand if I was one of them I would
audio/000579.wav,crawl quietly out I'd probably tweet I
audio/000580.wav,I've decided to get out of the race I
audio/000581.wav,wouldn't have a news conference no it's
audio/000582.wav,true I tweet I've decided I'm going to
audio/000583.wav,get out of the race and then I'd sneak
audio/000584.wav,out to some place with my wife and i'
audio/000585.wav,just go away okay so now Bush goes in
audio/000586.wav,and he makes a mistake and then Obama
audio/000587.wav,frankly might as well have stayed there
audio/000588.wav,but okay but he made a mistake too and I
audio/000589.wav,said keep the oil do you remember that
audio/000590.wav,and everyone said you can't keep the oil
audio/000591.wav,it's a sovereign country you can't keep
audio/000592.wav,the oil I said keep the oil where're in
audio/000593.wav,in there now you blew it you shouldn't
audio/000594.wav,have gone in so here's who has it Iran
audio/000595.wav,is taking it and Isis has it and Isis
audio/000596.wav,now is building a hotel in Iraq they're
audio/000597.wav,competing with me do you believe it they
audio/000598.wav,did the beheading and then they've done
audio/000599.wav,other and I said you know they're making
audio/000600.wav,a big mistake IIs CU if they wouldn't
audio/000601.wav,have done that and if they wouldn't keep
audio/000602.wav,doing we wouldn't have cared we could
audio/000603.wav,have been gone but you can't now when
audio/000604.wav,you see what they're doing you can't had
audio/000605.wav,they not done those things the level of
audio/000606.wav,violence we're like living in medieval
audio/000607.wav,times you know when you hear Med
audio/000608.wav,Medieval Times you always think we're
audio/000609.wav,all civilized It's a Jungle it's
audio/000610.wav,horrible out there they call me the
audio/000611.wav,ratings machine so I have uh you know
audio/000612.wav,she she gets out and she starts asking
audio/000613.wav,me all sorts of ridiculous questions and
audio/000614.wav,you know you could see there was blood
audio/000615.wav,coming out of her eyes uh blood coming
audio/000616.wav,out of her wherever and then I I see uh
audio/000617.wav,Rick Perry the other day and he's so you
audio/000618.wav,know he's doing very poorly in the polls
audio/000619.wav,he put glasses on so people will think
audio/000620.wav,he's
audio/000621.wav,smart and it's it just doesn't work you
audio/000622.wav,know people can see through the glasses
audio/000623.wav,so he said he shouldn't be allowed on
audio/000624.wav,the debate stage I said to myself he
audio/000625.wav,shouldn't and then I tweeted you know
audio/000626.wav,have many millions between Facebook and
audio/000627.wav,Twitter it's great it's like owning a
audio/000628.wav,newspaper without the losses it's
audio/000629.wav,incredible incredible so I tweeted that
audio/000630.wav,Rick
audio/000631.wav,Perry should have to have an IQ test
audio/000632.wav,before getting on the debate stage I
audio/000633.wav,mean here's a guy goes on a bicycle to
audio/000634.wav,go in a bicycle race he's 73 years old
audio/000635.wav,he's in a bicycle race he falls he
audio/000636.wav,breaks his leg during the
audio/000637.wav,negotiation and I tell everybody and you
audio/000638.wav,probably heard it I swear to you I will
audio/000639.wav,never be in a bicycle race as long as
audio/000640.wav,I'm press I to subject my wife into the
audio/000641.wav,middle of a rockus political
audio/000642.wav,conversation was completely
audio/000643.wav,inappropriate and I hope you apologize
audio/000644.wav,for that Donald well I have to tell you
audio/000645.wav,I hear phenomenal things I hear your
audio/000646.wav,wife as a lovely woman I don't and this
audio/000647.wav,is absolutely the love of my life and
audio/000648.wav,she's right here and why don't to
audio/000649.wav,apologize for her no I won't do that
audio/000650.wav,because I said nothing wrong but I do
audio/000651.wav,hear she's a lovely woman I want to get
audio/000652.wav,paid the same as a man and I think you
audio/000653.wav,understand that so if you become
audio/000654.wav,president will a woman make the same as
audio/000655.wav,a man and do I get to choose what I do
audio/000656.wav,with my
audio/000657.wav,body you're going to make the same if
audio/000658.wav,you do as good a job they spent listen
audio/000659.wav,to this $1 million on ads against me in
audio/000660.wav,Iowa now here's the good news they use
audio/000661.wav,the best picture I look so good in those
audio/000662.wav,pictures I'm trying to find where they
audio/000663.wav,got them because they're
audio/000664.wav,stupid but I was like a young guy I look
audio/000665.wav,so handsome I said to myself oh I wish I
audio/000666.wav,still look like that it would be great
audio/000667.wav,and his son came back from the deli and
audio/000668.wav,he called the father he used to call him
audio/000669.wav,old man old man I'll be there in three
audio/000670.wav,minutes Rubio I've never seen a young
audio/000671.wav,guy sweat that much no I've never seen
audio/000672.wav,he's drinking water water water I never
audio/000673.wav,saw anything like this with him with the
audio/000674.wav,water but and everybody Huckabee nice
audio/000675.wav,guy he was seriously hot he was soaking
audio/000676.wav,wet I grabbed him around his back I said
audio/000677.wav,good job and it was soaking wet I
audio/000678.wav,immediately it seems like this election
audio/000679.wav,has been a whole lot about a person
audio/000680.wav,who's very high in the polls but doesn't
audio/000681.wav,have a clue about how to govern a person
audio/000682.wav,who has been filled with scandals and
audio/000683.wav,who could not lead and of course I'm
audio/000684.wav,talking about Hillary Clinton
audio/000685.wav,I think America thank you it's been an
audio/000686.wav,amazing journey for me it's been a lot
audio/000687.wav,of fun I never thought I'd be a
audio/000688.wav,politician in my life uh he said I'm not
audio/000689.wav,I guess you're right I'm not I refuse
